firstname,lastname
fausto,ertweiler
masha,galvez
kacee,donna
anton,deppen
petra,alarcón
shonali,leveque
yanie,butcher
nina,arnet
lco,cambas
mckenna,boggi
nathyla,daria
trista,chadderton
jette,timmothie
tayler,group
sean,zamani
rosario,estrella
isidoro,sacoccio
cris,paredes
propinas,wayans
eileen,wilfred
bracelet,ledoux
osvando,steffens
ronald,mclean
ofa,italo
birgir,kinkead
brent,maecha
anthea,menasche
phillippe,daufeldt
poppy,neufeld
conner,gibb
farahnaz,the
kotler,lamb
vinny,bales
delfino,rizo
zou,trentacoste
reina,trinks
cedric,kest
hayley,domingue
cecilie,dick
leigha,brotherton
cooper,nicoleta
genaoveva,bosque
isabella,sawyer
luisa,christie
berkowitz,husband
lorea,boulos
asha,finer
sopal,risser
brynne,schurch
edwards,lesem
jamund,watkin
shideh,bedsole
donohue,laansoo
nikeeta,fikus
anibal,henley
helen,jennifer
marla,dellar
maria,iskandar
abrey,peacock
peabody,adair
helge,horstmann
kristine,woods
cordelia,adams
sam,sascha
jackson,goebl
dejan,alejandro
tulin,tritten
gissela,hirsch
celian,detris
socrates,cale
cory,crowther
sandra,rasmussen
vlastimil,chesney
elvia,barrera
kurt,klish
ulrika,zacarias
bobbie,mccane
bloque,keeley
ted,minionis
wyatt,tour
brusovanik,hernández
kayvan,hawila
lorena,toyo
altilano,hotesl
mairi,edmonds
erich,kitchen
niv,neuron
stallard,best
kyla,grigoriou
janie,anderson
renata,new
evelyn,khasawneh
aura,cardinal
nadia,boundy
bernardo,bennett
keandra,moodley
filippo,lam
tom,lund
classe,pyle
marin,parra
chef,taus
anais,troisi
guest,fauvain
jeffrey,batey
thanassis,serna
saagar,spizuoco
christinne,colvin
benito,murillo
glenn,josey
karin,bermejo
kitzberger,ballantyne
guillem,veronica
social,bruno
brianne,lalanne
iromi,garrigos
elsa,uribe
kelsey,santodomingo
carwen,senior
cyndi,simich
farid,duff
vibeke,laila
urlich,bradley
rania,choucri
miguelina,davlin
sin,hugh
fiona,kay
silke,ernesto
virgi,pedi
francois,karen
migue,hasselkjaer
hadar,faas
diel,mario
shipra,entrenador
aureo,mathilda
t'neille,schulder
trabando,fitzgibbon
ismael,winter
edith,aranda
surrie,roberson
adolfo,goskov
dafni,good
milton,o'brien
janara,ashtiani
leon,carr
ricki,lemeshko
veida,weir
ana,bugeau
krishna,rey
amando,manny
dey,tobiasen
dilini,tamayo
nawfal,anna
gleice,talmadge
chica,stanzione
kay,fisher
poul,icenhower
oliver,samantha.
randy,catona
braden,burack
lilibeth,bernales
helene,pineda
dadsfs,nugent
fabia,johannsen
barrow,scala
layne,rubinstein
nozomi,bauman
yossi,dimaria
luke,sullivan
arden,galsky
janelle,peak
spooner,contreras
dilia,olszewski
breann,pratt
shane,noregua
lynn,mazariegos
tricia,gallardo
renta,andrade
ruben,piere
hana,sparaco
patricia,morgenthau
koenig,cancelada
nidhi,mougenot
regan,labelle
catherine,pesqueira
cassy,feng
sidonie,vega
rosalina,kramer
kavita,kravis
jolivet,melissa
jessa,landry
maegan,bertha
adriano,louis
ophira,komorowska
lunise,gibson
mitali,therrien
labedz,nasyrov
jaime,salvatierra
shewta,alba
another,titus
royer,gaedke
